INSERT INTO exchange (id, name, country, city) VALUES ('XNAS', 'NASDAQ - ALL MARKETS', 'US', 'New York');
INSERT INTO exchange (id, name, country, city) VALUES ('XNYS', 'NEW YORK STOCK EXCHANGE, INC.', 'US', 'New York');

INSERT INTO stock (symbol, exchange_id, currency, company_name, market_cap, industry, sector) VALUES ('AAPL', 'XNAS', 'USD', 'Apple Inc.', 3677003448320, 'Consumer Electronics', 'Technology');
INSERT INTO stock (symbol, exchange_id, currency, company_name, market_cap, industry, sector) VALUES ('AMZN', 'XNAS', 'USD', 'Amazon.com, Inc.', 2299035123712, 'Internet Retail', 'Consumer Cyclical');

INSERT INTO candlestick (stock_id, "date", open, high, low, close) VALUES ('AAPL', '2019-08-16', 51.07, 51.79, 50.96, 51.62);
INSERT INTO candlestick (stock_id, "date", open, high, low, close) VALUES ('AAPL', '2019-08-19', 52.66, 53.18, 52.51, 52.59);
INSERT INTO candlestick (stock_id, "date", open, high, low, close) VALUES ('AAPL', '2019-08-20', 52.72, 53.34, 52.58, 52.59);
INSERT INTO candlestick (stock_id, "date", open, high, low, close) VALUES ('AAPL', '2019-08-21', 53.25, 53.41, 52.9, 53.16);
INSERT INTO candlestick (stock_id, "date", open, high, low, close) VALUES ('AAPL', '2019-08-22', 53.3, 53.61, 52.69, 53.12);
INSERT INTO candlestick (stock_id, "date", open, high, low, close) VALUES ('AAPL', '2019-08-23', 52.36, 53.01, 50.25, 50.66);
INSERT INTO candlestick (stock_id, "date", open, high, low, close) VALUES ('AAPL', '2019-08-26', 51.47, 51.8, 51.26, 51.62);
INSERT INTO candlestick (stock_id, "date", open, high, low, close) VALUES ('AAPL', '2019-08-27', 51.97, 52.14, 50.88, 51.04);
INSERT INTO candlestick (stock_id, "date", open, high, low, close) VALUES ('AAPL', '2019-08-28', 51.02, 51.43, 50.83, 51.38);
INSERT INTO candlestick (stock_id, "date", open, high, low, close) VALUES ('AAPL', '2019-08-29', 52.12, 52.33, 51.66, 52.25);
INSERT INTO candlestick (stock_id, "date", open, high, low, close) VALUES ('AAPL', '2019-08-30', 52.54, 52.61, 51.8, 52.19);
INSERT INTO candlestick (stock_id, "date", open, high, low, close) VALUES ('AAPL', '2019-09-03', 51.61, 51.74, 51.05, 51.42);
INSERT INTO candlestick (stock_id, "date", open, high, low, close) VALUES ('AAPL', '2019-09-04', 52.1, 52.37, 51.83, 52.3);
INSERT INTO candlestick (stock_id, "date", open, high, low, close) VALUES ('AAPL', '2019-09-05', 53, 53.49, 52.88, 53.32);
INSERT INTO candlestick (stock_id, "date", open, high, low, close) VALUES ('AAPL', '2019-09-06', 53.51, 53.6, 53.13, 53.31);
INSERT INTO candlestick (stock_id, "date", open, high, low, close) VALUES ('AAPL', '2019-09-09', 53.71, 54.11, 52.77, 53.54);
INSERT INTO candlestick (stock_id, "date", open, high, low, close) VALUES ('AAPL', '2019-09-10', 53.47, 54.2, 52.93, 54.17);
INSERT INTO candlestick (stock_id, "date", open, high, low, close) VALUES ('AAPL', '2019-09-11', 54.52, 55.93, 54.43, 55.9);
INSERT INTO candlestick (stock_id, "date", open, high, low, close) VALUES ('AAPL', '2019-09-12', 56.2, 56.6, 55.72, 55.77);
INSERT INTO candlestick (stock_id, "date", open, high, low, close) VALUES ('AAPL', '2019-09-13', 55, 55.2, 54.26, 54.69);
INSERT INTO candlestick (stock_id, "date", open, high, low, close) VALUES ('AAPL', '2019-09-16', 54.43, 55.03, 54.39, 54.98);
INSERT INTO candlestick (stock_id, "date", open, high, low, close) VALUES ('AAPL', '2019-09-17', 54.99, 55.2, 54.78, 55.17);
INSERT INTO candlestick (stock_id, "date", open, high, low, close) VALUES ('AAPL', '2019-09-18', 55.27, 55.71, 54.86, 55.69);
INSERT INTO candlestick (stock_id, "date", open, high, low, close) VALUES ('AAPL', '2019-09-19', 55.5, 55.94, 55.09, 55.24);
INSERT INTO candlestick (stock_id, "date", open, high, low, close) VALUES ('AAPL', '2019-09-20', 55.34, 55.64, 54.37, 54.43);
INSERT INTO candlestick (stock_id, "date", open, high, low, close) VALUES ('AAPL', '2019-09-23', 54.74, 54.96, 54.41, 54.68);
INSERT INTO candlestick (stock_id, "date", open, high, low, close) VALUES ('AAPL', '2019-09-24', 55.26, 55.62, 54.3, 54.42);
INSERT INTO candlestick (stock_id, "date", open, high, low, close) VALUES ('AAPL', '2019-09-25', 54.64, 55.38, 54.29, 55.26);
INSERT INTO candlestick (stock_id, "date", open, high, low, close) VALUES ('AAPL', '2019-09-26', 55, 55.23, 54.71, 54.97);
INSERT INTO candlestick (stock_id, "date", open, high, low, close) VALUES ('AAPL', '2019-09-27', 55.13, 55.24, 54.32, 54.7);
INSERT INTO candlestick (stock_id, "date", open, high, low, close) VALUES ('AAPL', '2019-09-30', 55.23, 56.15, 55.2, 55.99);
INSERT INTO candlestick (stock_id, "date", open, high, low, close) VALUES ('AAPL', '2019-10-01', 56.27, 57.05, 56.05, 56.15);
INSERT INTO candlestick (stock_id, "date", open, high, low, close) VALUES ('AAPL', '2019-10-02', 55.77, 55.9, 54.48, 54.74);
INSERT INTO candlestick (stock_id, "date", open, high, low, close) VALUES ('AAPL', '2019-10-03', 54.61, 55.24, 53.78, 55.2);
INSERT INTO candlestick (stock_id, "date", open, high, low, close) VALUES ('AAPL', '2019-10-04', 56.41, 56.87, 55.97, 56.75);
INSERT INTO candlestick (stock_id, "date", open, high, low, close) VALUES ('AAPL', '2019-10-07', 56.57, 57.48, 56.46, 56.77);
INSERT INTO candlestick (stock_id, "date", open, high, low, close) VALUES ('AAPL', '2019-10-08', 56.45, 57.02, 56.08, 56.1);
INSERT INTO candlestick (stock_id, "date", open, high, low, close) VALUES ('AAPL', '2019-10-09', 56.76, 56.95, 56.41, 56.76);
INSERT INTO candlestick (stock_id, "date", open, high, low, close) VALUES ('AAPL', '2019-10-10', 56.98, 57.61, 56.83, 57.52);
INSERT INTO candlestick (stock_id, "date", open, high, low, close) VALUES ('AAPL', '2019-10-11', 58.24, 59.41, 58.08, 59.05);
INSERT INTO candlestick (stock_id, "date", open, high, low, close) VALUES ('AAPL', '2019-10-14', 58.73, 59.53, 58.67, 58.97);
INSERT INTO candlestick (stock_id, "date", open, high, low, close) VALUES ('AAPL', '2019-10-15', 59.1, 59.41, 58.72, 58.83);
INSERT INTO candlestick (stock_id, "date", open, high, low, close) VALUES ('AAPL', '2019-10-16', 58.34, 58.81, 58.3, 58.59);
INSERT INTO candlestick (stock_id, "date", open, high, low, close) VALUES ('AAPL', '2019-10-17', 58.77, 59.04, 58.38, 58.82);
INSERT INTO candlestick (stock_id, "date", open, high, low, close) VALUES ('AAPL', '2019-10-18', 58.65, 59.4, 58.57, 59.1);
INSERT INTO candlestick (stock_id, "date", open, high, low, close) VALUES ('AAPL', '2019-10-21', 59.38, 60.25, 59.33, 60.13);
INSERT INTO candlestick (stock_id, "date", open, high, low, close) VALUES ('AAPL', '2019-10-22', 60.29, 60.55, 59.91, 59.99);
INSERT INTO candlestick (stock_id, "date", open, high, low, close) VALUES ('AAPL', '2019-10-23', 60.52, 60.81, 60.3, 60.8);
INSERT INTO candlestick (stock_id, "date", open, high, low, close) VALUES ('AAPL', '2019-10-24', 61.13, 61.2, 60.45, 60.9);
INSERT INTO candlestick (stock_id, "date", open, high, low, close) VALUES ('AAPL', '2019-10-25', 60.79, 61.68, 60.72, 61.65);
INSERT INTO candlestick (stock_id, "date", open, high, low, close) VALUES ('AAPL', '2019-10-28', 61.85, 62.31, 61.68, 62.26);
INSERT INTO candlestick (stock_id, "date", open, high, low, close) VALUES ('AAPL', '2019-10-29', 62.24, 62.44, 60.64, 60.82);
INSERT INTO candlestick (stock_id, "date", open, high, low, close) VALUES ('AAPL', '2019-10-30', 61.19, 61.33, 60.3, 60.81);
INSERT INTO candlestick (stock_id, "date", open, high, low, close) VALUES ('AAPL', '2019-10-31', 61.81, 62.29, 59.31, 62.19);
INSERT INTO candlestick (stock_id, "date", open, high, low, close) VALUES ('AAPL', '2019-11-01', 62.38, 63.98, 62.29, 63.95);
INSERT INTO candlestick (stock_id, "date", open, high, low, close) VALUES ('AAPL', '2019-11-04', 64.33, 64.46, 63.84, 64.38);
INSERT INTO candlestick (stock_id, "date", open, high, low, close) VALUES ('AAPL', '2019-11-05', 64.26, 64.55, 64.08, 64.28);
INSERT INTO candlestick (stock_id, "date", open, high, low, close) VALUES ('AAPL', '2019-11-06', 64.19, 64.37, 63.84, 64.31);
INSERT INTO candlestick (stock_id, "date", open, high, low, close) VALUES ('AAPL', '2019-11-07', 64.69, 65.09, 64.53, 64.86);
INSERT INTO candlestick (stock_id, "date", open, high, low, close) VALUES ('AAPL', '2019-11-08', 64.67, 65.11, 64.21, 65.03);
INSERT INTO candlestick (stock_id, "date", open, high, low, close) VALUES ('AAPL', '2019-11-11', 64.58, 65.62, 64.57, 65.55);
INSERT INTO candlestick (stock_id, "date", open, high, low, close) VALUES ('AAPL', '2019-11-12', 65.39, 65.7, 65.23, 65.49);
INSERT INTO candlestick (stock_id, "date", open, high, low, close) VALUES ('AAPL', '2019-11-13', 65.28, 66.19, 65.27, 66.12);
INSERT INTO candlestick (stock_id, "date", open, high, low, close) VALUES ('AAPL', '2019-11-14', 65.94, 66.22, 65.53, 65.66);
INSERT INTO candlestick (stock_id, "date", open, high, low, close) VALUES ('AAPL', '2019-11-15', 65.92, 66.44, 65.75, 66.44);
INSERT INTO candlestick (stock_id, "date", open, high, low, close) VALUES ('AAPL', '2019-11-18', 66.45, 66.86, 66.06, 66.78);
INSERT INTO candlestick (stock_id, "date", open, high, low, close) VALUES ('AAPL', '2019-11-19', 66.97, 67, 66.35, 66.57);
INSERT INTO candlestick (stock_id, "date", open, high, low, close) VALUES ('AAPL', '2019-11-20', 66.39, 66.52, 65.1, 65.8);
INSERT INTO candlestick (stock_id, "date", open, high, low, close) VALUES ('AAPL', '2019-11-21', 65.92, 66.0, 65.3, 65.5);
INSERT INTO candlestick (stock_id, "date", open, high, low, close) VALUES ('AAPL', '2019-11-22', 65.65, 65.8, 65.21, 65.44);
INSERT INTO candlestick (stock_id, "date", open, high, low, close) VALUES ('AAPL', '2019-11-25', 65.68, 66.61, 65.63, 66.59);
INSERT INTO candlestick (stock_id, "date", open, high, low, close) VALUES ('AAPL', '2019-11-26', 66.73, 66.79, 65.62, 66.07);
INSERT INTO candlestick (stock_id, "date", open, high, low, close) VALUES ('AAPL', '2019-11-27', 66.39, 67.0, 66.33, 66.96);
INSERT INTO candlestick (stock_id, "date", open, high, low, close) VALUES ('AAPL', '2019-11-29', 66.65, 67, 66.47, 66.81);
INSERT INTO candlestick (stock_id, "date", open, high, low, close) VALUES ('AAPL', '2019-12-02', 66.82, 67.06, 65.86, 66.04);
INSERT INTO candlestick (stock_id, "date", open, high, low, close) VALUES ('AAPL', '2019-12-03', 64.58, 64.88, 64.07, 64.86);
INSERT INTO candlestick (stock_id, "date", open, high, low, close) VALUES ('AAPL', '2019-12-04', 65.27, 65.83, 65.17, 65.44);
INSERT INTO candlestick (stock_id, "date", open, high, low, close) VALUES ('AAPL', '2019-12-05', 65.95, 66.47, 65.68, 66.39);
INSERT INTO candlestick (stock_id, "date", open, high, low, close) VALUES ('AAPL', '2019-12-06', 66.87, 67.75, 66.83, 67.68);
INSERT INTO candlestick (stock_id, "date", open, high, low, close) VALUES ('AAPL', '2019-12-09', 67.5, 67.7, 66.23, 66.73);
INSERT INTO candlestick (stock_id, "date", open, high, low, close) VALUES ('AAPL', '2019-12-10', 67.15, 67.52, 66.47, 67.12);
INSERT INTO candlestick (stock_id, "date", open, high, low, close) VALUES ('AAPL', '2019-12-11', 67.2, 67.78, 67.12, 67.69);
INSERT INTO candlestick (stock_id, "date", open, high, low, close) VALUES ('AAPL', '2019-12-12', 66.94, 68.14, 66.83, 67.86);
INSERT INTO candlestick (stock_id, "date", open, high, low, close) VALUES ('AAPL', '2019-12-13', 67.86, 68.83, 67.73, 68.79);
INSERT INTO candlestick (stock_id, "date", open, high, low, close) VALUES ('AAPL', '2019-12-16', 69.25, 70.2, 69.25, 69.97);
INSERT INTO candlestick (stock_id, "date", open, high, low, close) VALUES ('AAPL', '2019-12-17', 69.89, 70.44, 69.7, 70.1);
INSERT INTO candlestick (stock_id, "date", open, high, low, close) VALUES ('AAPL', '2019-12-18', 69.95, 70.47, 69.78, 69.94);
INSERT INTO candlestick (stock_id, "date", open, high, low, close) VALUES ('AAPL', '2019-12-19', 69.88, 70.3, 69.74, 70.0);
INSERT INTO candlestick (stock_id, "date", open, high, low, close) VALUES ('AAPL', '2019-12-20', 70.56, 70.66, 69.64, 69.86);
INSERT INTO candlestick (stock_id, "date", open, high, low, close) VALUES ('AAPL', '2019-12-23', 70.13, 71.06, 70.09, 71);
INSERT INTO candlestick (stock_id, "date", open, high, low, close) VALUES ('AAPL', '2019-12-24', 71.17, 71.22, 70.73, 71.07);
INSERT INTO candlestick (stock_id, "date", open, high, low, close) VALUES ('AAPL', '2019-12-26', 71.2, 72.5, 71.17, 72.48);
INSERT INTO candlestick (stock_id, "date", open, high, low, close) VALUES ('AAPL', '2019-12-27', 72.78, 73.49, 72.03, 72.45);
INSERT INTO candlestick (stock_id, "date", open, high, low, close) VALUES ('AAPL', '2019-12-30', 72.36, 73.17, 71.31, 72.88);
INSERT INTO candlestick (stock_id, "date", open, high, low, close) VALUES ('AAPL', '2019-12-31', 72.48, 73.42, 72.38, 73.41);
INSERT INTO candlestick (stock_id, "date", open, high, low, close) VALUES ('AAPL', '2020-01-02', 74.06, 75.15, 73.8, 75.09);
INSERT INTO candlestick (stock_id, "date", open, high, low, close) VALUES ('AAPL', '2020-01-03', 74.29, 75.14, 74.12, 74.36);
INSERT INTO candlestick (stock_id, "date", open, high, low, close) VALUES ('AAPL', '2020-01-06', 73.45, 74.99, 73.19, 74.95);
INSERT INTO candlestick (stock_id, "date", open, high, low, close) VALUES ('AAPL', '2020-01-07', 74.96, 75.22, 74.37, 74.6);
INSERT INTO candlestick (stock_id, "date", open, high, low, close) VALUES ('AAPL', '2020-01-08', 74.29, 76.11, 74.29, 75.8);
INSERT INTO candlestick (stock_id, "date", open, high, low, close) VALUES ('AAPL', '2020-01-09', 76.81, 77.61, 76.55, 77.41);
INSERT INTO candlestick (stock_id, "date", open, high, low, close) VALUES ('AAPL', '2020-01-10', 77.65, 78.17, 77.06, 77.58);
INSERT INTO candlestick (stock_id, "date", open, high, low, close) VALUES ('AAPL', '2020-01-13', 77.91, 79.27, 77.79, 79.24);
INSERT INTO candlestick (stock_id, "date", open, high, low, close) VALUES ('AAPL', '2020-01-14', 79.17, 79.39, 78.04, 78.17);
INSERT INTO candlestick (stock_id, "date", open, high, low, close) VALUES ('AAPL', '2020-01-15', 77.96, 78.88, 77.39, 77.83);
INSERT INTO candlestick (stock_id, "date", open, high, low, close) VALUES ('AAPL', '2020-01-16', 78.4, 78.92, 78.02, 78.81);
INSERT INTO candlestick (stock_id, "date", open, high, low, close) VALUES ('AAPL', '2020-01-17', 79.07, 79.69, 78.75, 79.68);
INSERT INTO candlestick (stock_id, "date", open, high, low, close) VALUES ('AAPL', '2020-01-21', 79.3, 79.75, 79, 79.14);
INSERT INTO candlestick (stock_id, "date", open, high, low, close) VALUES ('AAPL', '2020-01-22', 79.64, 80.0, 79.33, 79.42);
INSERT INTO candlestick (stock_id, "date", open, high, low, close) VALUES ('AAPL', '2020-01-23', 79.48, 79.89, 78.91, 79.81);
INSERT INTO candlestick (stock_id, "date", open, high, low, close) VALUES ('AAPL', '2020-01-24', 80.06, 80.83, 79.38, 79.58);
INSERT INTO candlestick (stock_id, "date", open, high, low, close) VALUES ('AAPL', '2020-01-27', 77.52, 77.94, 76.22, 77.24);
INSERT INTO candlestick (stock_id, "date", open, high, low, close) VALUES ('AAPL', '2020-01-28', 78.15, 79.6, 78.05, 79.42);
INSERT INTO candlestick (stock_id, "date", open, high, low, close) VALUES ('AAPL', '2020-01-29', 81.11, 81.96, 80.34, 81.08);
INSERT INTO candlestick (stock_id, "date", open, high, low, close) VALUES ('AAPL', '2020-01-30', 80.14, 81.02, 79.69, 80.97);
INSERT INTO candlestick (stock_id, "date", open, high, low, close) VALUES ('AAPL', '2020-01-31', 80.23, 80.67, 77.07, 77.38);
INSERT INTO candlestick (stock_id, "date", open, high, low, close) VALUES ('AAPL', '2020-02-03', 76.08, 78.37, 75.56, 77.17);
INSERT INTO candlestick (stock_id, "date", open, high, low, close) VALUES ('AAPL', '2020-02-04', 78.83, 79.91, 78.41, 79.71);
INSERT INTO candlestick (stock_id, "date", open, high, low, close) VALUES ('AAPL', '2020-02-05', 80.88, 81.19, 79.74, 80.36);
INSERT INTO candlestick (stock_id, "date", open, high, low, close) VALUES ('AAPL', '2020-02-06', 80.64, 81.31, 80.07, 81.3);
INSERT INTO candlestick (stock_id, "date", open, high, low, close) VALUES ('AAPL', '2020-02-07', 80.59, 80.85, 79.5, 80.01);
INSERT INTO candlestick (stock_id, "date", open, high, low, close) VALUES ('AAPL', '2020-02-10', 78.55, 80.39, 78.46, 80.39);
INSERT INTO candlestick (stock_id, "date", open, high, low, close) VALUES ('AAPL', '2020-02-11', 80.9, 80.97, 79.68, 79.9);
INSERT INTO candlestick (stock_id, "date", open, high, low, close) VALUES ('AAPL', '2020-02-12', 80.37, 81.81, 80.37, 81.8);
INSERT INTO candlestick (stock_id, "date", open, high, low, close) VALUES ('AAPL', '2020-02-13', 81.05, 81.56, 80.84, 81.22);
INSERT INTO candlestick (stock_id, "date", open, high, low, close) VALUES ('AAPL', '2020-02-14', 81.19, 81.5, 80.71, 81.24);
INSERT INTO candlestick (stock_id, "date", open, high, low, close) VALUES ('AAPL', '2020-02-18', 78.84, 79.94, 78.65, 79.75);
INSERT INTO candlestick (stock_id, "date", open, high, low, close) VALUES ('AAPL', '2020-02-19', 80, 81.14, 80, 80.91);
INSERT INTO candlestick (stock_id, "date", open, high, low, close) VALUES ('AAPL', '2020-02-20', 80.66, 81.16, 79.55, 80.08);
INSERT INTO candlestick (stock_id, "date", open, high, low, close) VALUES ('AAPL', '2020-02-21', 79.66, 80.11, 77.62, 78.26);
INSERT INTO candlestick (stock_id, "date", open, high, low, close) VALUES ('AAPL', '2020-02-24', 74.31, 76.05, 72.31, 74.55);
INSERT INTO candlestick (stock_id, "date", open, high, low, close) VALUES ('AAPL', '2020-02-25', 75.24, 75.63, 71.53, 72.02);
INSERT INTO candlestick (stock_id, "date", open, high, low, close) VALUES ('AAPL', '2020-02-26', 71.63, 74.47, 71.62, 73.16);
INSERT INTO candlestick (stock_id, "date", open, high, low, close) VALUES ('AAPL', '2020-02-27', 70.28, 71.5, 68.24, 68.38);
INSERT INTO candlestick (stock_id, "date", open, high, low, close) VALUES ('AAPL', '2020-02-28', 64.31, 69.6, 64.09, 68.34);
INSERT INTO candlestick (stock_id, "date", open, high, low, close) VALUES ('AAPL', '2020-03-02', 70.57, 75.36, 69.43, 74.7);
INSERT INTO candlestick (stock_id, "date", open, high, low, close) VALUES ('AAPL', '2020-03-03', 75.92, 76, 71.45, 72.33);
INSERT INTO candlestick (stock_id, "date", open, high, low, close) VALUES ('AAPL', '2020-03-04', 74.11, 75.85, 73.28, 75.69);
INSERT INTO candlestick (stock_id, "date", open, high, low, close) VALUES ('AAPL', '2020-03-05', 73.88, 74.89, 72.85, 73.23);
INSERT INTO candlestick (stock_id, "date", open, high, low, close) VALUES ('AAPL', '2020-03-06', 70.5, 72.7, 70.31, 72.26);
INSERT INTO candlestick (stock_id, "date", open, high, low, close) VALUES ('AAPL', '2020-03-09', 65.94, 69.52, 65.75, 66.54);
INSERT INTO candlestick (stock_id, "date", open, high, low, close) VALUES ('AAPL', '2020-03-10', 69.28, 71.61, 67.34, 71.33);
INSERT INTO candlestick (stock_id, "date", open, high, low, close) VALUES ('AAPL', '2020-03-11', 69.35, 70.31, 67.97, 68.86);
INSERT INTO candlestick (stock_id, "date", open, high, low, close) VALUES ('AAPL', '2020-03-12', 63.98, 67.5, 62, 62.06);
INSERT INTO candlestick (stock_id, "date", open, high, low, close) VALUES ('AAPL', '2020-03-13', 66.22, 69.98, 63.24, 69.49);
INSERT INTO candlestick (stock_id, "date", open, high, low, close) VALUES ('AAPL', '2020-03-16', 60.49, 64.77, 60, 60.55);
INSERT INTO candlestick (stock_id, "date", open, high, low, close) VALUES ('AAPL', '2020-03-17', 61.88, 64.4, 59.6, 63.22);
INSERT INTO candlestick (stock_id, "date", open, high, low, close) VALUES ('AAPL', '2020-03-18', 59.94, 62.5, 59.28, 61.67);
INSERT INTO candlestick (stock_id, "date", open, high, low, close) VALUES ('AAPL', '2020-03-19', 61.85, 63.21, 60.65, 61.2);
INSERT INTO candlestick (stock_id, "date", open, high, low, close) VALUES ('AAPL', '2020-03-20', 61.8, 62.96, 57, 57.31);
INSERT INTO candlestick (stock_id, "date", open, high, low, close) VALUES ('AAPL', '2020-03-23', 57.02, 57.12, 53.15, 56.09);
INSERT INTO candlestick (stock_id, "date", open, high, low, close) VALUES ('AAPL', '2020-03-24', 59.09, 61.92, 58.58, 61.72);
INSERT INTO candlestick (stock_id, "date", open, high, low, close) VALUES ('AAPL', '2020-03-25', 62.69, 64.56, 61.08, 61.38);
INSERT INTO candlestick (stock_id, "date", open, high, low, close) VALUES ('AAPL', '2020-03-26', 61.63, 64.67, 61.59, 64.61);
INSERT INTO candlestick (stock_id, "date", open, high, low, close) VALUES ('AAPL', '2020-03-27', 63.19, 63.97, 61.76, 61.94);
INSERT INTO candlestick (stock_id, "date", open, high, low, close) VALUES ('AAPL', '2020-03-30', 62.69, 63.88, 62.35, 63.7);
INSERT INTO candlestick (stock_id, "date", open, high, low, close) VALUES ('AAPL', '2020-03-31', 63.9, 65.62, 63, 63.57);
INSERT INTO candlestick (stock_id, "date", open, high, low, close) VALUES ('AAPL', '2020-04-01', 61.62, 62.18, 59.78, 60.23);
INSERT INTO candlestick (stock_id, "date", open, high, low, close) VALUES ('AAPL', '2020-04-02', 60.09, 61.29, 59.23, 61.23);
INSERT INTO candlestick (stock_id, "date", open, high, low, close) VALUES ('AAPL', '2020-04-03', 60.7, 61.42, 59.74, 60.35);
INSERT INTO candlestick (stock_id, "date", open, high, low, close) VALUES ('AAPL', '2020-04-06', 62.73, 65.78, 62.34, 65.62);
INSERT INTO candlestick (stock_id, "date", open, high, low, close) VALUES ('AAPL', '2020-04-07', 67.7, 67.92, 64.75, 64.86);
INSERT INTO candlestick (stock_id, "date", open, high, low, close) VALUES ('AAPL', '2020-04-08', 65.69, 66.84, 65.31, 66.52);
INSERT INTO candlestick (stock_id, "date", open, high, low, close) VALUES ('AAPL', '2020-04-09', 67.17, 67.52, 66.17, 67.0);
INSERT INTO candlestick (stock_id, "date", open, high, low, close) VALUES ('AAPL', '2020-04-13', 67.08, 68.42, 66.46, 68.31);
INSERT INTO candlestick (stock_id, "date", open, high, low, close) VALUES ('AAPL', '2020-04-14', 70, 72.06, 69.51, 71.76);
INSERT INTO candlestick (stock_id, "date", open, high, low, close) VALUES ('AAPL', '2020-04-15', 70.6, 71.58, 70.16, 71.11);
INSERT INTO candlestick (stock_id, "date", open, high, low, close) VALUES ('AAPL', '2020-04-16', 71.84, 72.05, 70.59, 71.67);
INSERT INTO candlestick (stock_id, "date", open, high, low, close) VALUES ('AAPL', '2020-04-17', 71.17, 71.74, 69.22, 70.7);
INSERT INTO candlestick (stock_id, "date", open, high, low, close) VALUES ('AAPL', '2020-04-20', 69.49, 70.42, 69.21, 69.23);
INSERT INTO candlestick (stock_id, "date", open, high, low, close) VALUES ('AAPL', '2020-04-21', 69.07, 69.31, 66.36, 67.09);
INSERT INTO candlestick (stock_id, "date", open, high, low, close) VALUES ('AAPL', '2020-04-22', 68.4, 69.47, 68.05, 69.03);
INSERT INTO candlestick (stock_id, "date", open, high, low, close) VALUES ('AAPL', '2020-04-23', 68.97, 70.44, 68.72, 68.76);
INSERT INTO candlestick (stock_id, "date", open, high, low, close) VALUES ('AAPL', '2020-04-24', 69.3, 70.75, 69.25, 70.74);
INSERT INTO candlestick (stock_id, "date", open, high, low, close) VALUES ('AAPL', '2020-04-27', 70.45, 71.14, 69.99, 70.79);
INSERT INTO candlestick (stock_id, "date", open, high, low, close) VALUES ('AAPL', '2020-04-28', 71.27, 71.46, 69.55, 69.64);
INSERT INTO candlestick (stock_id, "date", open, high, low, close) VALUES ('AAPL', '2020-04-29', 71.18, 72.42, 70.97, 71.93);
INSERT INTO candlestick (stock_id, "date", open, high, low, close) VALUES ('AAPL', '2020-04-30', 72.49, 73.63, 72.09, 73.45);
INSERT INTO candlestick (stock_id, "date", open, high, low, close) VALUES ('AAPL', '2020-05-01', 71.56, 74.75, 71.46, 72.27);
INSERT INTO candlestick (stock_id, "date", open, high, low, close) VALUES ('AAPL', '2020-05-04', 72.29, 73.42, 71.58, 73.29);
INSERT INTO candlestick (stock_id, "date", open, high, low, close) VALUES ('AAPL', '2020-05-05', 73.77, 75.25, 73.61, 74.39);
INSERT INTO candlestick (stock_id, "date", open, high, low, close) VALUES ('AAPL', '2020-05-06', 75.11, 75.81, 74.72, 75.16);
INSERT INTO candlestick (stock_id, "date", open, high, low, close) VALUES ('AAPL', '2020-05-07', 75.81, 76.29, 75.49, 75.94);
INSERT INTO candlestick (stock_id, "date", open, high, low, close) VALUES ('AAPL', '2020-05-08', 76.41, 77.59, 76.07, 77.53);
INSERT INTO candlestick (stock_id, "date", open, high, low, close) VALUES ('AAPL', '2020-05-11', 77.03, 79.26, 76.81, 78.75);
INSERT INTO candlestick (stock_id, "date", open, high, low, close) VALUES ('AAPL', '2020-05-12', 79.46, 79.92, 77.73, 77.85);
INSERT INTO candlestick (stock_id, "date", open, high, low, close) VALUES ('AAPL', '2020-05-13', 78.04, 78.99, 75.8, 76.91);
INSERT INTO candlestick (stock_id, "date", open, high, low, close) VALUES ('AAPL', '2020-05-14', 76.13, 77.45, 75.38, 77.39);
INSERT INTO candlestick (stock_id, "date", open, high, low, close) VALUES ('AAPL', '2020-05-15', 75.09, 76.97, 75.05, 76.93);
INSERT INTO candlestick (stock_id, "date", open, high, low, close) VALUES ('AAPL', '2020-05-18', 78.29, 79.12, 77.58, 78.74);
INSERT INTO candlestick (stock_id, "date", open, high, low, close) VALUES ('AAPL', '2020-05-19', 78.76, 79.63, 78.25, 78.28);
INSERT INTO candlestick (stock_id, "date", open, high, low, close) VALUES ('AAPL', '2020-05-20', 79.17, 79.88, 79.05, 79.81);
INSERT INTO candlestick (stock_id, "date", open, high, low, close) VALUES ('AAPL', '2020-05-21', 79.67, 80.22, 78.97, 79.21);
INSERT INTO candlestick (stock_id, "date", open, high, low, close) VALUES ('AAPL', '2020-05-22', 78.94, 79.81, 78.84, 79.72);
INSERT INTO candlestick (stock_id, "date", open, high, low, close) VALUES ('AAPL', '2020-05-26', 80.88, 81.06, 79.12, 79.18);
INSERT INTO candlestick (stock_id, "date", open, high, low, close) VALUES ('AAPL', '2020-05-27', 79.03, 79.68, 78.27, 79.53);
INSERT INTO candlestick (stock_id, "date", open, high, low, close) VALUES ('AAPL', '2020-05-28', 79.19, 80.86, 78.91, 79.56);
INSERT INTO candlestick (stock_id, "date", open, high, low, close) VALUES ('AAPL', '2020-05-29', 79.81, 80.29, 79.12, 79.48);
INSERT INTO candlestick (stock_id, "date", open, high, low, close) VALUES ('AAPL', '2020-06-01', 79.44, 80.59, 79.3, 80.46);
INSERT INTO candlestick (stock_id, "date", open, high, low, close) VALUES ('AAPL', '2020-06-02', 80.19, 80.86, 79.73, 80.83);
INSERT INTO candlestick (stock_id, "date", open, high, low, close) VALUES ('AAPL', '2020-06-03', 81.17, 81.55, 80.58, 81.28);
INSERT INTO candlestick (stock_id, "date", open, high, low, close) VALUES ('AAPL', '2020-06-04', 81.1, 81.41, 80.19, 80.58);
INSERT INTO candlestick (stock_id, "date", open, high, low, close) VALUES ('AAPL', '2020-06-05', 80.84, 82.94, 80.81, 82.88);
INSERT INTO candlestick (stock_id, "date", open, high, low, close) VALUES ('AAPL', '2020-06-08', 82.56, 83.4, 81.83, 83.36);
INSERT INTO candlestick (stock_id, "date", open, high, low, close) VALUES ('AAPL', '2020-06-09', 83.03, 86.4, 83.0, 86.0);
INSERT INTO candlestick (stock_id, "date", open, high, low, close) VALUES ('AAPL', '2020-06-10', 86.97, 88.69, 86.52, 88.21);
INSERT INTO candlestick (stock_id, "date", open, high, low, close) VALUES ('AAPL', '2020-06-11', 87.33, 87.77, 83.87, 83.97);
INSERT INTO candlestick (stock_id, "date", open, high, low, close) VALUES ('AAPL', '2020-06-12', 86.18, 86.95, 83.56, 84.7);
INSERT INTO candlestick (stock_id, "date", open, high, low, close) VALUES ('AAPL', '2020-06-15', 83.31, 86.42, 83.14, 85.75);
INSERT INTO candlestick (stock_id, "date", open, high, low, close) VALUES ('AAPL', '2020-06-16', 87.86, 88.3, 86.18, 88.02);
INSERT INTO candlestick (stock_id, "date", open, high, low, close) VALUES ('AAPL', '2020-06-17', 88.79, 88.85, 87.77, 87.9);
INSERT INTO candlestick (stock_id, "date", open, high, low, close) VALUES ('AAPL', '2020-06-18', 87.85, 88.36, 87.31, 87.93);
INSERT INTO candlestick (stock_id, "date", open, high, low, close) VALUES ('AAPL', '2020-06-19', 88.66, 89.14, 86.29, 87.43);
INSERT INTO candlestick (stock_id, "date", open, high, low, close) VALUES ('AAPL', '2020-06-22', 87.83, 89.86, 87.79, 89.72);
INSERT INTO candlestick (stock_id, "date", open, high, low, close) VALUES ('AAPL', '2020-06-23', 91, 93.09, 90.57, 91.63);
INSERT INTO candlestick (stock_id, "date", open, high, low, close) VALUES ('AAPL', '2020-06-24', 91.25, 92.2, 89.63, 90.02);
INSERT INTO candlestick (stock_id, "date", open, high, low, close) VALUES ('AAPL', '2020-06-25', 90.17, 91.25, 89.39, 91.21);
INSERT INTO candlestick (stock_id, "date", open, high, low, close) VALUES ('AAPL', '2020-06-26', 91.1, 91.33, 88.25, 88.41);
INSERT INTO candlestick (stock_id, "date", open, high, low, close) VALUES ('AAPL', '2020-06-29', 88.31, 90.54, 87.82, 90.44);
INSERT INTO candlestick (stock_id, "date", open, high, low, close) VALUES ('AAPL', '2020-06-30', 90.02, 91.5, 90, 91.2);
INSERT INTO candlestick (stock_id, "date", open, high, low, close) VALUES ('AAPL', '2020-07-01', 91.28, 91.84, 90.98, 91.03);
INSERT INTO candlestick (stock_id, "date", open, high, low, close) VALUES ('AAPL', '2020-07-02', 91.96, 92.62, 90.91, 91.03);
INSERT INTO candlestick (stock_id, "date", open, high, low, close) VALUES ('AAPL', '2020-07-06', 92.5, 93.94, 92.47, 93.46);
INSERT INTO candlestick (stock_id, "date", open, high, low, close) VALUES ('AAPL', '2020-07-07', 93.85, 94.66, 93.06, 93.17);
INSERT INTO candlestick (stock_id, "date", open, high, low, close) VALUES ('AAPL', '2020-07-08', 94.18, 95.38, 94.09, 95.34);
INSERT INTO candlestick (stock_id, "date", open, high, low, close) VALUES ('AAPL', '2020-07-09', 96.26, 96.32, 94.67, 95.68);
INSERT INTO candlestick (stock_id, "date", open, high, low, close) VALUES ('AAPL', '2020-07-10', 95.33, 95.98, 94.71, 95.92);
INSERT INTO candlestick (stock_id, "date", open, high, low, close) VALUES ('AAPL', '2020-07-13', 97.27, 99.95, 95.26, 95.48);
INSERT INTO candlestick (stock_id, "date", open, high, low, close) VALUES ('AAPL', '2020-07-14', 94.84, 97.25, 93.88, 97.06);
INSERT INTO candlestick (stock_id, "date", open, high, low, close) VALUES ('AAPL', '2020-07-15', 98.99, 99.25, 96.49, 97.72);
INSERT INTO candlestick (stock_id, "date", open, high, low, close) VALUES ('AAPL', '2020-07-16', 96.56, 97.41, 95.91, 96.52);
INSERT INTO candlestick (stock_id, "date", open, high, low, close) VALUES ('AAPL', '2020-07-17', 96.99, 97.15, 95.84, 96.33);
INSERT INTO candlestick (stock_id, "date", open, high, low, close) VALUES ('AAPL', '2020-07-20', 96.42, 98.5, 96.06, 98.36);
INSERT INTO candlestick (stock_id, "date", open, high, low, close) VALUES ('AAPL', '2020-07-21', 99.17, 99.25, 96.74, 97);
INSERT INTO candlestick (stock_id, "date", open, high, low, close) VALUES ('AAPL', '2020-07-22', 96.69, 97.97, 96.6, 97.27);
INSERT INTO candlestick (stock_id, "date", open, high, low, close) VALUES ('AAPL', '2020-07-23', 97.0, 97.08, 92.01, 92.84);
INSERT INTO candlestick (stock_id, "date", open, high, low, close) VALUES ('AAPL', '2020-07-24', 90.99, 92.97, 89.14, 92.61);
INSERT INTO candlestick (stock_id, "date", open, high, low, close) VALUES ('AAPL', '2020-07-27', 93.71, 94.91, 93.48, 94.81);
INSERT INTO candlestick (stock_id, "date", open, high, low, close) VALUES ('AAPL', '2020-07-28', 94.37, 94.55, 93.25, 93.25);
INSERT INTO candlestick (stock_id, "date", open, high, low, close) VALUES ('AAPL', '2020-07-29', 93.75, 95.23, 93.71, 95.04);
INSERT INTO candlestick (stock_id, "date", open, high, low, close) VALUES ('AAPL', '2020-07-30', 94.19, 96.3, 93.77, 96.19);
INSERT INTO candlestick (stock_id, "date", open, high, low, close) VALUES ('AAPL', '2020-07-31', 102.88, 106.42, 100.83, 106.26);
INSERT INTO candlestick (stock_id, "date", open, high, low, close) VALUES ('AAPL', '2020-08-03', 108.2, 111.64, 107.89, 108.94);
INSERT INTO candlestick (stock_id, "date", open, high, low, close) VALUES ('AAPL', '2020-08-04', 109.13, 110.79, 108.39, 109.67);
INSERT INTO candlestick (stock_id, "date", open, high, low, close) VALUES ('AAPL', '2020-08-05', 109.38, 110.39, 108.9, 110.06);
INSERT INTO candlestick (stock_id, "date", open, high, low, close) VALUES ('AAPL', '2020-08-06', 110.41, 114.41, 109.8, 113.9);
INSERT INTO candlestick (stock_id, "date", open, high, low, close) VALUES ('AAPL', '2020-08-07', 113.2, 113.67, 110.29, 111.11);
INSERT INTO candlestick (stock_id, "date", open, high, low, close) VALUES ('AAPL', '2020-08-10', 112.6, 113.78, 110, 112.73);
INSERT INTO candlestick (stock_id, "date", open, high, low, close) VALUES ('AAPL', '2020-08-11', 111.97, 112.48, 109.11, 109.38);
INSERT INTO candlestick (stock_id, "date", open, high, low, close) VALUES ('AAPL', '2020-08-12', 110.5, 113.28, 110.3, 113.01);
INSERT INTO candlestick (stock_id, "date", open, high, low, close) VALUES ('AAPL', '2020-08-13', 114.43, 116.04, 113.93, 115.01);
INSERT INTO candlestick (stock_id, "date", open, high, low, close) VALUES ('AAPL', '2020-08-14', 114.83, 115, 113.05, 114.91);
INSERT INTO candlestick (stock_id, "date", open, high, low, close) VALUES ('AAPL', '2020-08-17', 116.06, 116.09, 113.96, 114.61);
INSERT INTO candlestick (stock_id, "date", open, high, low, close) VALUES ('AAPL', '2020-08-18', 114.35, 116, 114.01, 115.56);
INSERT INTO candlestick (stock_id, "date", open, high, low, close) VALUES ('AAPL', '2020-08-19', 115.98, 117.16, 115.61, 115.71);
INSERT INTO candlestick (stock_id, "date", open, high, low, close) VALUES ('AAPL', '2020-08-20', 115.75, 118.39, 115.73, 118.28);
INSERT INTO candlestick (stock_id, "date", open, high, low, close) VALUES ('AAPL', '2020-08-21', 119.26, 124.87, 119.25, 124.37);
INSERT INTO candlestick (stock_id, "date", open, high, low, close) VALUES ('AAPL', '2020-08-24', 128.7, 128.78, 123.94, 125.86);
INSERT INTO candlestick (stock_id, "date", open, high, low, close) VALUES ('AAPL', '2020-08-25', 124.7, 125.18, 123.05, 124.83);
INSERT INTO candlestick (stock_id, "date", open, high, low, close) VALUES ('AAPL', '2020-08-26', 126.18, 126.99, 125.08, 126.52);
INSERT INTO candlestick (stock_id, "date", open, high, low, close) VALUES ('AAPL', '2020-08-27', 127.14, 127.48, 123.83, 125.01);
INSERT INTO candlestick (stock_id, "date", open, high, low, close) VALUES ('AAPL', '2020-08-28', 126.01, 126.44, 124.58, 124.81);
INSERT INTO candlestick (stock_id, "date", open, high, low, close) VALUES ('AAPL', '2020-08-31', 127.58, 131, 126, 129.04);
INSERT INTO candlestick (stock_id, "date", open, high, low, close) VALUES ('AAPL', '2020-09-01', 132.76, 134.8, 130.53, 134.18);
INSERT INTO candlestick (stock_id, "date", open, high, low, close) VALUES ('AAPL', '2020-09-02', 137.59, 137.98, 127, 131.4);
INSERT INTO candlestick (stock_id, "date", open, high, low, close) VALUES ('AAPL', '2020-09-03', 126.91, 128.84, 120.5, 120.88);
INSERT INTO candlestick (stock_id, "date", open, high, low, close) VALUES ('AAPL', '2020-09-04', 120.07, 123.7, 110.89, 120.96);
INSERT INTO candlestick (stock_id, "date", open, high, low, close) VALUES ('AAPL', '2020-09-08', 113.95, 118.99, 112.68, 112.82);
INSERT INTO candlestick (stock_id, "date", open, high, low, close) VALUES ('AAPL', '2020-09-09', 117.26, 119.14, 115.26, 117.32);
INSERT INTO candlestick (stock_id, "date", open, high, low, close) VALUES ('AAPL', '2020-09-10', 120.36, 120.5, 112.5, 113.49);
INSERT INTO candlestick (stock_id, "date", open, high, low, close) VALUES ('AAPL', '2020-09-11', 114.57, 115.23, 110, 112);
INSERT INTO candlestick (stock_id, "date", open, high, low, close) VALUES ('AAPL', '2020-09-14', 114.72, 115.93, 112.8, 115.36);
INSERT INTO candlestick (stock_id, "date", open, high, low, close) VALUES ('AAPL', '2020-09-15', 118.33, 118.83, 113.61, 115.54);
INSERT INTO candlestick (stock_id, "date", open, high, low, close) VALUES ('AAPL', '2020-09-16', 115.23, 116, 112.04, 112.13);
INSERT INTO candlestick (stock_id, "date", open, high, low, close) VALUES ('AAPL', '2020-09-17', 109.72, 112.2, 108.71, 110.34);
INSERT INTO candlestick (stock_id, "date", open, high, low, close) VALUES ('AAPL', '2020-09-18', 110.4, 110.88, 106.09, 106.84);
INSERT INTO candlestick (stock_id, "date", open, high, low, close) VALUES ('AAPL', '2020-09-21', 104.54, 110.19, 103.1, 110.08);
INSERT INTO candlestick (stock_id, "date", open, high, low, close) VALUES ('AAPL', '2020-09-22', 112.68, 112.86, 109.16, 111.81);
INSERT INTO candlestick (stock_id, "date", open, high, low, close) VALUES ('AAPL', '2020-09-23', 111.62, 112.11, 106.77, 107.12);
INSERT INTO candlestick (stock_id, "date", open, high, low, close) VALUES ('AAPL', '2020-09-24', 105.17, 110.25, 105, 108.22);
INSERT INTO candlestick (stock_id, "date", open, high, low, close) VALUES ('AAPL', '2020-09-25', 108.43, 112.44, 107.67, 112.28);
INSERT INTO candlestick (stock_id, "date", open, high, low, close) VALUES ('AAPL', '2020-09-28', 115.01, 115.32, 112.78, 114.96);
INSERT INTO candlestick (stock_id, "date", open, high, low, close) VALUES ('AAPL', '2020-09-29', 114.55, 115.31, 113.57, 114.09);
INSERT INTO candlestick (stock_id, "date", open, high, low, close) VALUES ('AAPL', '2020-09-30', 113.79, 117.26, 113.62, 115.81);
INSERT INTO candlestick (stock_id, "date", open, high, low, close) VALUES ('AAPL', '2020-10-01', 117.64, 117.72, 115.83, 116.79);
INSERT INTO candlestick (stock_id, "date", open, high, low, close) VALUES ('AAPL', '2020-10-02', 112.89, 115.37, 112.22, 113.02);
INSERT INTO candlestick (stock_id, "date", open, high, low, close) VALUES ('AAPL', '2020-10-05', 113.91, 116.65, 113.55, 116.5);
INSERT INTO candlestick (stock_id, "date", open, high, low, close) VALUES ('AAPL', '2020-10-06', 115.7, 116.12, 112.25, 113.16);
INSERT INTO candlestick (stock_id, "date", open, high, low, close) VALUES ('AAPL', '2020-10-07', 114.62, 115.55, 114.13, 115.08);
INSERT INTO candlestick (stock_id, "date", open, high, low, close) VALUES ('AAPL', '2020-10-08', 116.25, 116.4, 114.59, 114.97);
INSERT INTO candlestick (stock_id, "date", open, high, low, close) VALUES ('AAPL', '2020-10-09', 115.28, 117, 114.92, 116.97);
INSERT INTO candlestick (stock_id, "date", open, high, low, close) VALUES ('AAPL', '2020-10-12', 120.06, 125.18, 119.28, 124.4);
INSERT INTO candlestick (stock_id, "date", open, high, low, close) VALUES ('AAPL', '2020-10-13', 125.27, 125.39, 119.65, 121.1);
INSERT INTO candlestick (stock_id, "date", open, high, low, close) VALUES ('AAPL', '2020-10-14', 121, 123.03, 119.62, 121.19);
INSERT INTO candlestick (stock_id, "date", open, high, low, close) VALUES ('AAPL', '2020-10-15', 118.72, 121.2, 118.15, 120.71);
INSERT INTO candlestick (stock_id, "date", open, high, low, close) VALUES ('AAPL', '2020-10-16', 121.28, 121.55, 118.81, 119.02);
INSERT INTO candlestick (stock_id, "date", open, high, low, close) VALUES ('AAPL', '2020-10-19', 119.96, 120.42, 115.66, 115.98);
INSERT INTO candlestick (stock_id, "date", open, high, low, close) VALUES ('AAPL', '2020-10-20', 116.2, 118.98, 115.63, 117.51);
INSERT INTO candlestick (stock_id, "date", open, high, low, close) VALUES ('AAPL', '2020-10-21', 116.67, 118.7, 116.45, 116.87);
INSERT INTO candlestick (stock_id, "date", open, high, low, close) VALUES ('AAPL', '2020-10-22', 117.45, 118.04, 114.59, 115.75);
INSERT INTO candlestick (stock_id, "date", open, high, low, close) VALUES ('AMZN', '2019-04-29', 1949, 1956.34, 1934.09, 1938.43);
INSERT INTO candlestick (stock_id, "date", open, high, low, close) VALUES ('AMZN', '2019-04-30', 1930.1, 1935.71, 1906.95, 1926.52);
INSERT INTO candlestick (stock_id, "date", open, high, low, close) VALUES ('AMZN', '2019-05-01', 1933.09, 1943.64, 1910.55, 1911.52);
INSERT INTO candlestick (stock_id, "date", open, high, low, close) VALUES ('AMZN', '2019-05-02', 1913.33, 1921.55, 1881.87, 1900.82);
INSERT INTO candlestick (stock_id, "date", open, high, low, close) VALUES ('AMZN', '2019-05-03', 1949, 1964.4, 1936, 1962.46);
INSERT INTO candlestick (stock_id, "date", open, high, low, close) VALUES ('AMZN', '2019-05-06', 1917.98, 1959, 1910.5, 1950.55);
INSERT INTO candlestick (stock_id, "date", open, high, low, close) VALUES ('AMZN', '2019-05-07', 1939.99, 1949.1, 1903.38, 1921);
INSERT INTO candlestick (stock_id, "date", open, high, low, close) VALUES ('AMZN', '2019-05-08', 1918.87, 1935.37, 1910, 1917.77);
INSERT INTO candlestick (stock_id, "date", open, high, low, close) VALUES ('AMZN', '2019-05-09', 1900, 1909.4, 1876, 1899.87);
INSERT INTO candlestick (stock_id, "date", open, high, low, close) VALUES ('AMZN', '2019-05-10', 1898, 1903.79, 1856, 1889.98);
INSERT INTO candlestick (stock_id, "date", open, high, low, close) VALUES ('AMZN', '2019-05-13', 1836.56, 1846.54, 1818, 1822.68);
INSERT INTO candlestick (stock_id, "date", open, high, low, close) VALUES ('AMZN', '2019-05-14', 1839.5, 1852.44, 1815.75, 1840.12);
INSERT INTO candlestick (stock_id, "date", open, high, low, close) VALUES ('AMZN', '2019-05-15', 1827.95, 1874.43, 1823, 1871.15);
INSERT INTO candlestick (stock_id, "date", open, high, low, close) VALUES ('AMZN', '2019-05-16', 1885.94, 1917.51, 1882.29, 1907.57);
INSERT INTO candlestick (stock_id, "date", open, high, low, close) VALUES ('AMZN', '2019-05-17', 1893.05, 1910.53, 1867.33, 1869);
INSERT INTO candlestick (stock_id, "date", open, high, low, close) VALUES ('AMZN', '2019-05-20', 1852.69, 1867.78, 1835.54, 1858.97);
INSERT INTO candlestick (stock_id, "date", open, high, low, close) VALUES ('AMZN', '2019-05-21', 1874.79, 1879, 1846, 1857.52);
INSERT INTO candlestick (stock_id, "date", open, high, low, close) VALUES ('AMZN', '2019-05-22', 1851.78, 1871.48, 1851, 1859.68);
INSERT INTO candlestick (stock_id, "date", open, high, low, close) VALUES ('AMZN', '2019-05-23', 1836.59, 1844, 1804.2, 1815.48);
INSERT INTO candlestick (stock_id, "date", open, high, low, close) VALUES ('AMZN', '2019-05-24', 1835.89, 1841.76, 1817.85, 1823.28);
INSERT INTO candlestick (stock_id, "date", open, high, low, close) VALUES ('AMZN', '2019-05-28', 1832.75, 1849.27, 1827.35, 1836.43);
INSERT INTO candlestick (stock_id, "date", open, high, low, close) VALUES ('AMZN', '2019-05-29', 1823.12, 1830, 1807.53, 1819.19);
INSERT INTO candlestick (stock_id, "date", open, high, low, close) VALUES ('AMZN', '2019-05-30', 1825.49, 1829.47, 1807.83, 1816.32);
INSERT INTO candlestick (stock_id, "date", open, high, low, close) VALUES ('AMZN', '2019-05-31', 1790.01, 1795.59, 1772.7, 1775.07);
INSERT INTO candlestick (stock_id, "date", open, high, low, close) VALUES ('AMZN', '2019-06-03', 1760.01, 1766.29, 1672, 1692.69);
INSERT INTO candlestick (stock_id, "date", open, high, low, close) VALUES ('AMZN', '2019-06-04', 1699.24, 1730.82, 1680.89, 1729.56);
INSERT INTO candlestick (stock_id, "date", open, high, low, close) VALUES ('AMZN', '2019-06-05', 1749.6, 1752, 1715.25, 1738.5);
INSERT INTO candlestick (stock_id, "date", open, high, low, close) VALUES ('AMZN', '2019-06-06', 1737.71, 1760, 1726.13, 1754.36);
INSERT INTO candlestick (stock_id, "date", open, high, low, close) VALUES ('AMZN', '2019-06-07', 1763.7, 1806.25, 1759.49, 1804.03);
INSERT INTO candlestick (stock_id, "date", open, high, low, close) VALUES ('AMZN', '2019-06-10', 1822, 1884.87, 1818, 1860.63);
INSERT INTO candlestick (stock_id, "date", open, high, low, close) VALUES ('AMZN', '2019-06-11', 1883.25, 1893.7, 1858, 1863.7);
INSERT INTO candlestick (stock_id, "date", open, high, low, close) VALUES ('AMZN', '2019-06-12', 1853.98, 1865, 1844.38, 1855.32);
INSERT INTO candlestick (stock_id, "date", open, high, low, close) VALUES ('AMZN', '2019-06-13', 1866.72, 1883.09, 1862.22, 1870.3);
INSERT INTO candlestick (stock_id, "date", open, high, low, close) VALUES ('AMZN', '2019-06-14', 1864, 1876, 1859, 1869.67);
INSERT INTO candlestick (stock_id, "date", open, high, low, close) VALUES ('AMZN', '2019-06-17', 1876.5, 1895.69, 1875.45, 1886.03);
INSERT INTO candlestick (stock_id, "date", open, high, low, close) VALUES ('AMZN', '2019-06-18', 1901.35, 1921.67, 1899.79, 1901.37);
INSERT INTO candlestick (stock_id, "date", open, high, low, close) VALUES ('AMZN', '2019-06-19', 1907.84, 1919.58, 1892.47, 1908.79);
INSERT INTO candlestick (stock_id, "date", open, high, low, close) VALUES ('AMZN', '2019-06-20', 1933.33, 1935.2, 1905.8, 1918.19);
INSERT INTO candlestick (stock_id, "date", open, high, low, close) VALUES ('AMZN', '2019-06-21', 1916.1, 1925.95, 1907.58, 1911.3);
INSERT INTO candlestick (stock_id, "date", open, high, low, close) VALUES ('AMZN', '2019-06-24', 1912.66, 1916.86, 1901.3, 1913.9);
INSERT INTO candlestick (stock_id, "date", open, high, low, close) VALUES ('AMZN', '2019-06-25', 1911.84, 1916.38, 1872.42, 1878.27);
INSERT INTO candlestick (stock_id, "date", open, high, low, close) VALUES ('AMZN', '2019-06-26', 1892.48, 1903.8, 1887.32, 1897.83);
INSERT INTO candlestick (stock_id, "date", open, high, low, close) VALUES ('AMZN', '2019-06-27', 1902, 1911.24, 1898.04, 1904.28);
INSERT INTO candlestick (stock_id, "date", open, high, low, close) VALUES ('AMZN', '2019-06-28', 1909.1, 1912.94, 1884, 1893.63);
INSERT INTO candlestick (stock_id, "date", open, high, low, close) VALUES ('AMZN', '2019-07-01', 1922.98, 1929.82, 1914.66, 1922.19);
INSERT INTO candlestick (stock_id, "date", open, high, low, close) VALUES ('AMZN', '2019-07-02', 1919.38, 1934.79, 1906.63, 1934.31);
INSERT INTO candlestick (stock_id, "date", open, high, low, close) VALUES ('AMZN', '2019-07-03', 1935.89, 1941.59, 1930.5, 1939);
INSERT INTO candlestick (stock_id, "date", open, high, low, close) VALUES ('AMZN', '2019-07-05', 1928.6, 1945.9, 1925.3, 1942.91);
INSERT INTO candlestick (stock_id, "date", open, high, low, close) VALUES ('AMZN', '2019-07-08', 1934.12, 1956, 1928.25, 1952.32);
INSERT INTO candlestick (stock_id, "date", open, high, low, close) VALUES ('AMZN', '2019-07-09', 1947.8, 1990.01, 1943.47, 1988.3);
INSERT INTO candlestick (stock_id, "date", open, high, low, close) VALUES ('AMZN', '2019-07-10', 1996.51, 2024.94, 1995.4, 2017.41);
INSERT INTO candlestick (stock_id, "date", open, high, low, close) VALUES ('AMZN', '2019-07-11', 2025.62, 2035.8, 1995.3, 2001.07);
INSERT INTO candlestick (stock_id, "date", open, high, low, close) VALUES ('AMZN', '2019-07-12', 2008.27, 2017, 2003.87, 2011);
INSERT INTO candlestick (stock_id, "date", open, high, low, close) VALUES ('AMZN', '2019-07-15', 2021.4, 2022.9, 2001.55, 2020.99);
INSERT INTO candlestick (stock_id, "date", open, high, low, close) VALUES ('AMZN', '2019-07-16', 2010.58, 2026.32, 2001.22, 2009.9);
INSERT INTO candlestick (stock_id, "date", open, high, low, close) VALUES ('AMZN', '2019-07-17', 2007.05, 2012, 1992.03, 1992.03);
INSERT INTO candlestick (stock_id, "date", open, high, low, close) VALUES ('AMZN', '2019-07-18', 1980.01, 1987.5, 1951.55, 1977.9);
INSERT INTO candlestick (stock_id, "date", open, high, low, close) VALUES ('AMZN', '2019-07-19', 1991.21, 1996, 1962.23, 1964.52);
INSERT INTO candlestick (stock_id, "date", open, high, low, close) VALUES ('AMZN', '2019-07-22', 1971.14, 1989, 1958.26, 1985.63);
INSERT INTO candlestick (stock_id, "date", open, high, low, close) VALUES ('AMZN', '2019-07-23', 1995.99, 1997.79, 1973.13, 1994.49);
INSERT INTO candlestick (stock_id, "date", open, high, low, close) VALUES ('AMZN', '2019-07-24', 1969.3, 2001.3, 1965.87, 2000.81);
INSERT INTO candlestick (stock_id, "date", open, high, low, close) VALUES ('AMZN', '2019-07-25', 2001, 2001.2, 1972.72, 1973.82);
INSERT INTO candlestick (stock_id, "date", open, high, low, close) VALUES ('AMZN', '2019-07-26', 1942, 1950.89, 1924.51, 1943.05);
INSERT INTO candlestick (stock_id, "date", open, high, low, close) VALUES ('AMZN', '2019-07-29', 1930, 1932.23, 1890.54, 1912.45);
INSERT INTO candlestick (stock_id, "date", open, high, low, close) VALUES ('AMZN', '2019-07-30', 1891.12, 1909.89, 1883.48, 1898.53);
INSERT INTO candlestick (stock_id, "date", open, high, low, close) VALUES ('AMZN', '2019-07-31', 1898.11, 1899.55, 1849.44, 1866.78);
INSERT INTO candlestick (stock_id, "date", open, high, low, close) VALUES ('AMZN', '2019-08-01', 1871.72, 1897.92, 1844.01, 1855.32);
INSERT INTO candlestick (stock_id, "date", open, high, low, close) VALUES ('AMZN', '2019-08-02', 1845.07, 1846.36, 1808.02, 1823.24);
INSERT INTO candlestick (stock_id, "date", open, high, low, close) VALUES ('AMZN', '2019-08-05', 1770.22, 1788.67, 1748.78, 1765.13);
INSERT INTO candlestick (stock_id, "date", open, high, low, close) VALUES ('AMZN', '2019-08-06', 1792.23, 1793.77, 1753.4, 1787.83);
INSERT INTO candlestick (stock_id, "date", open, high, low, close) VALUES ('AMZN', '2019-08-07', 1773.99, 1798.93, 1757, 1793.4);
INSERT INTO candlestick (stock_id, "date", open, high, low, close) VALUES ('AMZN', '2019-08-08', 1806, 1834.26, 1798.11, 1832.89);
INSERT INTO candlestick (stock_id, "date", open, high, low, close) VALUES ('AMZN', '2019-08-09', 1828.95, 1831.09, 1802.22, 1807.58);
INSERT INTO candlestick (stock_id, "date", open, high, low, close) VALUES ('AMZN', '2019-08-12', 1783, 1827.36, 1780, 1784.92);
INSERT INTO candlestick (stock_id, "date", open, high, low, close) VALUES ('AMZN', '2019-08-13', 1783, 1831.74, 1780, 1824.34);
INSERT INTO candlestick (stock_id, "date", open, high, low, close) VALUES ('AMZN', '2019-08-14', 1793.01, 1795.65, 1757.21, 1762.96);
INSERT INTO candlestick (stock_id, "date", open, high, low, close) VALUES ('AMZN', '2019-08-15', 1781.99, 1788, 1761.96, 1776.12);
INSERT INTO candlestick (stock_id, "date", open, high, low, close) VALUES ('AMZN', '2019-08-16', 1792.89, 1802.91, 1784.55, 1792.57);
INSERT INTO candlestick (stock_id, "date", open, high, low, close) VALUES ('AMZN', '2019-08-19', 1818.08, 1826, 1812.61, 1816.12);
INSERT INTO candlestick (stock_id, "date", open, high, low, close) VALUES ('AMZN', '2019-08-20', 1814.5, 1816.82, 1799.88, 1801.38);
INSERT INTO candlestick (stock_id, "date", open, high, low, close) VALUES ('AMZN', '2019-08-21', 1819.39, 1829.58, 1815, 1823.54);
INSERT INTO candlestick (stock_id, "date", open, high, low, close) VALUES ('AMZN', '2019-08-22', 1828, 1829.41, 1800.1, 1805.6);
INSERT INTO candlestick (stock_id, "date", open, high, low, close) VALUES ('AMZN', '2019-08-23', 1793.03, 1804.9, 1745.23, 1749.62);
INSERT INTO candlestick (stock_id, "date", open, high, low, close) VALUES ('AMZN', '2019-08-26', 1766.91, 1770, 1743.51, 1768.87);
INSERT INTO candlestick (stock_id, "date", open, high, low, close) VALUES ('AMZN', '2019-08-27', 1775.73, 1779.4, 1746.68, 1761.83);
INSERT INTO candlestick (stock_id, "date", open, high, low, close) VALUES ('AMZN', '2019-08-28', 1755, 1767.86, 1744.05, 1764.25);
INSERT INTO candlestick (stock_id, "date", open, high, low, close) VALUES ('AMZN', '2019-08-29', 1783, 1798.55, 1777.25, 1786.4);
INSERT INTO candlestick (stock_id, "date", open, high, low, close) VALUES ('AMZN', '2019-08-30', 1797.49, 1799.74, 1764.57, 1776.29);
INSERT INTO candlestick (stock_id, "date", open, high, low, close) VALUES ('AMZN', '2019-09-03', 1770, 1800.8, 1768, 1789.84);
INSERT INTO candlestick (stock_id, "date", open, high, low, close) VALUES ('AMZN', '2019-09-04', 1805, 1807.63, 1796.23, 1800.62);
INSERT INTO candlestick (stock_id, "date", open, high, low, close) VALUES ('AMZN', '2019-09-05', 1821.95, 1842, 1815.58, 1840.72);
INSERT INTO candlestick (stock_id, "date", open, high, low, close) VALUES ('AMZN', '2019-09-06', 1838.22, 1840.65, 1826.4, 1833.51);
INSERT INTO candlestick (stock_id, "date", open, high, low, close) VALUES ('AMZN', '2019-09-09', 1841, 1850, 1824.61, 1831.35);
INSERT INTO candlestick (stock_id, "date", open, high, low, close) VALUES ('AMZN', '2019-09-10', 1822.75, 1825.81, 1805.34, 1820.55);
INSERT INTO candlestick (stock_id, "date", open, high, low, close) VALUES ('AMZN', '2019-09-11', 1812.14, 1833.42, 1809.08, 1822.99);
INSERT INTO candlestick (stock_id, "date", open, high, low, close) VALUES ('AMZN', '2019-09-12', 1837.63, 1853.66, 1834.28, 1843.55);
INSERT INTO candlestick (stock_id, "date", open, high, low, close) VALUES ('AMZN', '2019-09-13', 1842.01, 1846.12, 1835.17, 1839.34);
INSERT INTO candlestick (stock_id, "date", open, high, low, close) VALUES ('AMZN', '2019-09-16', 1824.02, 1825.69, 1800.2, 1807.84);
INSERT INTO candlestick (stock_id, "date", open, high, low, close) VALUES ('AMZN', '2019-09-17', 1807.08, 1823.99, 1804.1, 1822.55);
INSERT INTO candlestick (stock_id, "date", open, high, low, close) VALUES ('AMZN', '2019-09-18', 1817.04, 1822.06, 1795.5, 1817.46);
INSERT INTO candlestick (stock_id, "date", open, high, low, close) VALUES ('AMZN', '2019-09-19', 1821.02, 1832.57, 1817.9, 1821.5);
INSERT INTO candlestick (stock_id, "date", open, high, low, close) VALUES ('AMZN', '2019-09-20', 1821.71, 1830.63, 1780.92, 1794.16);
INSERT INTO candlestick (stock_id, "date", open, high, low, close) VALUES ('AMZN', '2019-09-23', 1777, 1792.7, 1767.32, 1785.3);
INSERT INTO candlestick (stock_id, "date", open, high, low, close) VALUES ('AMZN', '2019-09-24', 1790.61, 1795.7, 1735.55, 1741.61);
INSERT INTO candlestick (stock_id, "date", open, high, low, close) VALUES ('AMZN', '2019-09-25', 1747.36, 1773, 1723, 1768.33);
INSERT INTO candlestick (stock_id, "date", open, high, low, close) VALUES ('AMZN', '2019-09-26', 1762.79, 1763.37, 1731.5, 1739.84);
INSERT INTO candlestick (stock_id, "date", open, high, low, close) VALUES ('AMZN', '2019-09-27', 1748, 1749.12, 1713.82, 1725.45);
INSERT INTO candlestick (stock_id, "date", open, high, low, close) VALUES ('AMZN', '2019-09-30', 1726.99, 1737.46, 1709.22, 1735.91);
INSERT INTO candlestick (stock_id, "date", open, high, low, close) VALUES ('AMZN', '2019-10-01', 1746, 1755.6, 1728.41, 1735.65);
INSERT INTO candlestick (stock_id, "date", open, high, low, close) VALUES ('AMZN', '2019-10-02', 1727.74, 1728.89, 1705, 1713.23);
INSERT INTO candlestick (stock_id, "date", open, high, low, close) VALUES ('AMZN', '2019-10-03', 1713, 1725, 1685.06, 1724.42);
INSERT INTO candlestick (stock_id, "date", open, high, low, close) VALUES ('AMZN', '2019-10-04', 1726.02, 1740.58, 1719.23, 1739.65);
INSERT INTO candlestick (stock_id, "date", open, high, low, close) VALUES ('AMZN', '2019-10-07', 1731.63, 1747.83, 1723.7, 1732.66);
INSERT INTO candlestick (stock_id, "date", open, high, low, close) VALUES ('AMZN', '2019-10-08', 1722.49, 1727, 1705, 1705.51);
INSERT INTO candlestick (stock_id, "date", open, high, low, close) VALUES ('AMZN', '2019-10-09', 1719.61, 1729.95, 1714.36, 1721.99);
INSERT INTO candlestick (stock_id, "date", open, high, low, close) VALUES ('AMZN', '2019-10-10', 1725.24, 1738.29, 1713.75, 1720.26);
INSERT INTO candlestick (stock_id, "date", open, high, low, close) VALUES ('AMZN', '2019-10-11', 1742.92, 1745.45, 1729.86, 1731.92);
INSERT INTO candlestick (stock_id, "date", open, high, low, close) VALUES ('AMZN', '2019-10-14', 1728.91, 1741.89, 1722, 1736.43);
INSERT INTO candlestick (stock_id, "date", open, high, low, close) VALUES ('AMZN', '2019-10-15', 1742.14, 1776.45, 1740.62, 1767.38);
INSERT INTO candlestick (stock_id, "date", open, high, low, close) VALUES ('AMZN', '2019-10-16', 1773.33, 1786.24, 1770.52, 1777.43);
INSERT INTO candlestick (stock_id, "date", open, high, low, close) VALUES ('AMZN', '2019-10-17', 1796.49, 1798.85, 1782.02, 1787.48);
INSERT INTO candlestick (stock_id, "date", open, high, low, close) VALUES ('AMZN', '2019-10-18', 1787.8, 1793.98, 1749.2, 1757.51);
INSERT INTO candlestick (stock_id, "date", open, high, low, close) VALUES ('AMZN', '2019-10-21', 1769.66, 1785.88, 1765, 1785.66);
INSERT INTO candlestick (stock_id, "date", open, high, low, close) VALUES ('AMZN', '2019-10-22', 1788.15, 1789.78, 1762, 1765.73);
INSERT INTO candlestick (stock_id, "date", open, high, low, close) VALUES ('AMZN', '2019-10-23', 1761.3, 1770.05, 1742, 1762.17);
INSERT INTO candlestick (stock_id, "date", open, high, low, close) VALUES ('AMZN', '2019-10-24', 1771.09, 1788.34, 1760.27, 1780.78);
INSERT INTO candlestick (stock_id, "date", open, high, low, close) VALUES ('AMZN', '2019-10-25', 1697.55, 1764.21, 1695, 1761.33);
INSERT INTO candlestick (stock_id, "date", open, high, low, close) VALUES ('AMZN', '2019-10-28', 1748.06, 1778.7, 1742.5, 1777.08);
INSERT INTO candlestick (stock_id, "date", open, high, low, close) VALUES ('AMZN', '2019-10-29', 1774.81, 1777, 1755.81, 1762.71);
INSERT INTO candlestick (stock_id, "date", open, high, low, close) VALUES ('AMZN', '2019-10-30', 1760.24, 1782.38, 1759.12, 1779.99);
INSERT INTO candlestick (stock_id, "date", open, high, low, close) VALUES ('AMZN', '2019-10-31', 1775.99, 1792, 1771.48, 1776.66);
INSERT INTO candlestick (stock_id, "date", open, high, low, close) VALUES ('AMZN', '2019-11-01', 1788.01, 1797.44, 1785.21, 1791.44);
INSERT INTO candlestick (stock_id, "date", open, high, low, close) VALUES ('AMZN', '2019-11-04', 1801.01, 1815.06, 1801.01, 1804.66);
INSERT INTO candlestick (stock_id, "date", open, high, low, close) VALUES ('AMZN', '2019-11-05', 1809.16, 1810.25, 1794, 1801.71);
INSERT INTO candlestick (stock_id, "date", open, high, low, close) VALUES ('AMZN', '2019-11-06', 1801, 1802.5, 1788.58, 1795.77);
INSERT INTO candlestick (stock_id, "date", open, high, low, close) VALUES ('AMZN', '2019-11-07', 1803.76, 1805.9, 1783.48, 1788.2);
INSERT INTO candlestick (stock_id, "date", open, high, low, close) VALUES ('AMZN', '2019-11-08', 1787.89, 1789.88, 1774.04, 1785.88);
INSERT INTO candlestick (stock_id, "date", open, high, low, close) VALUES ('AMZN', '2019-11-11', 1778, 1780, 1767.13, 1771.65);
INSERT INTO candlestick (stock_id, "date", open, high, low, close) VALUES ('AMZN', '2019-11-12', 1774.66, 1786.22, 1771.91, 1778);
INSERT INTO candlestick (stock_id, "date", open, high, low, close) VALUES ('AMZN', '2019-11-13', 1773.39, 1775, 1747.32, 1753.11);
INSERT INTO candlestick (stock_id, "date", open, high, low, close) VALUES ('AMZN', '2019-11-14', 1751.43, 1766.59, 1749.56, 1754.6);
INSERT INTO candlestick (stock_id, "date", open, high, low, close) VALUES ('AMZN', '2019-11-15', 1760.05, 1761.68, 1732.86, 1739.49);
INSERT INTO candlestick (stock_id, "date", open, high, low, close) VALUES ('AMZN', '2019-11-18', 1738.3, 1753.7, 1722.71, 1752.53);
INSERT INTO candlestick (stock_id, "date", open, high, low, close) VALUES ('AMZN', '2019-11-19', 1756.99, 1760.68, 1743.03, 1752.79);
INSERT INTO candlestick (stock_id, "date", open, high, low, close) VALUES ('AMZN', '2019-11-20', 1749.14, 1762.52, 1734.12, 1745.53);
INSERT INTO candlestick (stock_id, "date", open, high, low, close) VALUES ('AMZN', '2019-11-21', 1743, 1746.87, 1730.36, 1734.71);
INSERT INTO candlestick (stock_id, "date", open, high, low, close) VALUES ('AMZN', '2019-11-22', 1739.02, 1746.43, 1731, 1745.72);
INSERT INTO candlestick (stock_id, "date", open, high, low, close) VALUES ('AMZN', '2019-11-25', 1753.25, 1777.42, 1753.24, 1773.84);
INSERT INTO candlestick (stock_id, "date", open, high, low, close) VALUES ('AMZN', '2019-11-26', 1779.92, 1797.03, 1778.35, 1796.94);
INSERT INTO candlestick (stock_id, "date", open, high, low, close) VALUES ('AMZN', '2019-11-27', 1801, 1824.5, 1797.31, 1818.51);
INSERT INTO candlestick (stock_id, "date", open, high, low, close) VALUES ('AMZN', '2019-11-29', 1817.78, 1824.69, 1800.79, 1800.8);
INSERT INTO candlestick (stock_id, "date", open, high, low, close) VALUES ('AMZN', '2019-12-02', 1804.4, 1805.55, 1762.68, 1781.6);
INSERT INTO candlestick (stock_id, "date", open, high, low, close) VALUES ('AMZN', '2019-12-03', 1760, 1772.87, 1747.23, 1769.96);
INSERT INTO candlestick (stock_id, "date", open, high, low, close) VALUES ('AMZN', '2019-12-04', 1774.01, 1789.09, 1760.22, 1760.69);
INSERT INTO candlestick (stock_id, "date", open, high, low, close) VALUES ('AMZN', '2019-12-05', 1763.5, 1763.5, 1740, 1740.48);
INSERT INTO candlestick (stock_id, "date", open, high, low, close) VALUES ('AMZN', '2019-12-06', 1751.2, 1754.4, 1740.13, 1751.6);
INSERT INTO candlestick (stock_id, "date", open, high, low, close) VALUES ('AMZN', '2019-12-09', 1750.66, 1766.89, 1745.61, 1749.51);
INSERT INTO candlestick (stock_id, "date", open, high, low, close) VALUES ('AMZN', '2019-12-10', 1747.4, 1750.67, 1735, 1739.21);
INSERT INTO candlestick (stock_id, "date", open, high, low, close) VALUES ('AMZN', '2019-12-11', 1741.67, 1750, 1735.71, 1748.72);
INSERT INTO candlestick (stock_id, "date", open, high, low, close) VALUES ('AMZN', '2019-12-12', 1750, 1764, 1745.44, 1760.33);
INSERT INTO candlestick (stock_id, "date", open, high, low, close) VALUES ('AMZN', '2019-12-13', 1765, 1768.99, 1755, 1760.94);
INSERT INTO candlestick (stock_id, "date", open, high, low, close) VALUES ('AMZN', '2019-12-16', 1767, 1769.5, 1757.05, 1769.21);
INSERT INTO candlestick (stock_id, "date", open, high, low, close) VALUES ('AMZN', '2019-12-17', 1778.01, 1792, 1777.39, 1790.66);
INSERT INTO candlestick (stock_id, "date", open, high, low, close) VALUES ('AMZN', '2019-12-18', 1795.02, 1798.2, 1782.36, 1784.03);
INSERT INTO candlestick (stock_id, "date", open, high, low, close) VALUES ('AMZN', '2019-12-19', 1780.5, 1792.99, 1774.06, 1792.28);
INSERT INTO candlestick (stock_id, "date", open, high, low, close) VALUES ('AMZN', '2019-12-20', 1799.62, 1802.97, 1782.45, 1786.5);
INSERT INTO candlestick (stock_id, "date", open, high, low, close) VALUES ('AMZN', '2019-12-23', 1788.26, 1793, 1784.51, 1793);
INSERT INTO candlestick (stock_id, "date", open, high, low, close) VALUES ('AMZN', '2019-12-24', 1793.81, 1795.57, 1787.58, 1789.21);
INSERT INTO candlestick (stock_id, "date", open, high, low, close) VALUES ('AMZN', '2019-12-26', 1801.01, 1870.46, 1799.5, 1868.77);
INSERT INTO candlestick (stock_id, "date", open, high, low, close) VALUES ('AMZN', '2019-12-27', 1882.92, 1901.4, 1866.01, 1869.8);
INSERT INTO candlestick (stock_id, "date", open, high, low, close) VALUES ('AMZN', '2019-12-30', 1874, 1884, 1840.62, 1846.89);
INSERT INTO candlestick (stock_id, "date", open, high, low, close) VALUES ('AMZN', '2019-12-31', 1842, 1853.26, 1832.23, 1847.84);
INSERT INTO candlestick (stock_id, "date", open, high, low, close) VALUES ('AMZN', '2020-01-02', 1875, 1898.01, 1864.15, 1898.01);
INSERT INTO candlestick (stock_id, "date", open, high, low, close) VALUES ('AMZN', '2020-01-03', 1864.5, 1886.2, 1864.5, 1874.97);
INSERT INTO candlestick (stock_id, "date", open, high, low, close) VALUES ('AMZN', '2020-01-06', 1860, 1903.69, 1860, 1902.88);
INSERT INTO candlestick (stock_id, "date", open, high, low, close) VALUES ('AMZN', '2020-01-07', 1904.5, 1913.89, 1892.04, 1906.86);
INSERT INTO candlestick (stock_id, "date", open, high, low, close) VALUES ('AMZN', '2020-01-08', 1898.04, 1911.0, 1886.44, 1891.97);
INSERT INTO candlestick (stock_id, "date", open, high, low, close) VALUES ('AMZN', '2020-01-09', 1909.89, 1917.82, 1895.8, 1901.05);
INSERT INTO candlestick (stock_id, "date", open, high, low, close) VALUES ('AMZN', '2020-01-10', 1905.37, 1906.94, 1880, 1883.16);
INSERT INTO candlestick (stock_id, "date", open, high, low, close) VALUES ('AMZN', '2020-01-13', 1891.31, 1898, 1880.8, 1891.3);
INSERT INTO candlestick (stock_id, "date", open, high, low, close) VALUES ('AMZN', '2020-01-14', 1885.88, 1887.11, 1858.55, 1869.44);
INSERT INTO candlestick (stock_id, "date", open, high, low, close) VALUES ('AMZN', '2020-01-15', 1872.25, 1878.86, 1855.09, 1862.02);
INSERT INTO candlestick (stock_id, "date", open, high, low, close) VALUES ('AMZN', '2020-01-16', 1882.99, 1885.59, 1866.02, 1877.94);
INSERT INTO candlestick (stock_id, "date", open, high, low, close) VALUES ('AMZN', '2020-01-17', 1885.89, 1886.64, 1857.25, 1864.72);
INSERT INTO candlestick (stock_id, "date", open, high, low, close) VALUES ('AMZN', '2020-01-21', 1865, 1894.27, 1860, 1892);
INSERT INTO candlestick (stock_id, "date", open, high, low, close) VALUES ('AMZN', '2020-01-22', 1896.09, 1902.5, 1883.34, 1887.46);
INSERT INTO candlestick (stock_id, "date", open, high, low, close) VALUES ('AMZN', '2020-01-23', 1885.11, 1889.97, 1872.76, 1884.58);
INSERT INTO candlestick (stock_id, "date", open, high, low, close) VALUES ('AMZN', '2020-01-24', 1891.37, 1894.99, 1847.44, 1861.64);
INSERT INTO candlestick (stock_id, "date", open, high, low, close) VALUES ('AMZN', '2020-01-27', 1820, 1841, 1815.34, 1828.34);
INSERT INTO candlestick (stock_id, "date", open, high, low, close) VALUES ('AMZN', '2020-01-28', 1840.5, 1858.11, 1830.02, 1853.25);
INSERT INTO candlestick (stock_id, "date", open, high, low, close) VALUES ('AMZN', '2020-01-29', 1864, 1874.75, 1855.02, 1858);
INSERT INTO candlestick (stock_id, "date", open, high, low, close) VALUES ('AMZN', '2020-01-30', 1858, 1872.87, 1850.61, 1870.68);
INSERT INTO candlestick (stock_id, "date", open, high, low, close) VALUES ('AMZN', '2020-01-31', 2051.47, 2055.72, 2002.27, 2008.72);
INSERT INTO candlestick (stock_id, "date", open, high, low, close) VALUES ('AMZN', '2020-02-03', 2010.6, 2048.5, 2000.25, 2004.2);
INSERT INTO candlestick (stock_id, "date", open, high, low, close) VALUES ('AMZN', '2020-02-04', 2029.88, 2059.8, 2015.37, 2049.67);
INSERT INTO candlestick (stock_id, "date", open, high, low, close) VALUES ('AMZN', '2020-02-05', 2071.02, 2071.02, 2032, 2039.87);
INSERT INTO candlestick (stock_id, "date", open, high, low, close) VALUES ('AMZN', '2020-02-06', 2041.02, 2056.3, 2024.8, 2050.23);
INSERT INTO candlestick (stock_id, "date", open, high, low, close) VALUES ('AMZN', '2020-02-07', 2041.99, 2098.53, 2038.1, 2079.28);
INSERT INTO candlestick (stock_id, "date", open, high, low, close) VALUES ('AMZN', '2020-02-10', 2085.01, 2135.6, 2084.96, 2133.91);
INSERT INTO candlestick (stock_id, "date", open, high, low, close) VALUES ('AMZN', '2020-02-11', 2150.9, 2185.95, 2136, 2150.8);
INSERT INTO candlestick (stock_id, "date", open, high, low, close) VALUES ('AMZN', '2020-02-12', 2163.2, 2180.25, 2155.29, 2160);
INSERT INTO candlestick (stock_id, "date", open, high, low, close) VALUES ('AMZN', '2020-02-13', 2144.99, 2170.28, 2142, 2149.87);
INSERT INTO candlestick (stock_id, "date", open, high, low, close) VALUES ('AMZN', '2020-02-14', 2155.68, 2159.04, 2125.89, 2134.87);
INSERT INTO candlestick (stock_id, "date", open, high, low, close) VALUES ('AMZN', '2020-02-18', 2125.02, 2166.07, 2124.11, 2155.67);
INSERT INTO candlestick (stock_id, "date", open, high, low, close) VALUES ('AMZN', '2020-02-19', 2167.8, 2185.1, 2161.12, 2170.22);
INSERT INTO candlestick (stock_id, "date", open, high, low, close) VALUES ('AMZN', '2020-02-20', 2173.07, 2176.79, 2127.45, 2153.1);
INSERT INTO candlestick (stock_id, "date", open, high, low, close) VALUES ('AMZN', '2020-02-21', 2142.15, 2144.55, 2088, 2095.97);
INSERT INTO candlestick (stock_id, "date", open, high, low, close) VALUES ('AMZN', '2020-02-24', 2003.18, 2039.3, 1987.97, 2009.29);
INSERT INTO candlestick (stock_id, "date", open, high, low, close) VALUES ('AMZN', '2020-02-25', 2026.42, 2034.6, 1958.42, 1972.74);
INSERT INTO candlestick (stock_id, "date", open, high, low, close) VALUES ('AMZN', '2020-02-26', 1970.28, 2014.67, 1960.45, 1979.59);
INSERT INTO candlestick (stock_id, "date", open, high, low, close) VALUES ('AMZN', '2020-02-27', 1934.38, 1975, 1882.76, 1884.3);
INSERT INTO candlestick (stock_id, "date", open, high, low, close) VALUES ('AMZN', '2020-02-28', 1814.63, 1889.76, 1811.13, 1883.75);
INSERT INTO candlestick (stock_id, "date", open, high, low, close) VALUES ('AMZN', '2020-03-02', 1906.49, 1954.51, 1870, 1953.95);
INSERT INTO candlestick (stock_id, "date", open, high, low, close) VALUES ('AMZN', '2020-03-03', 1975.37, 1996.33, 1888.09, 1908.99);
INSERT INTO candlestick (stock_id, "date", open, high, low, close) VALUES ('AMZN', '2020-03-04', 1946.57, 1978, 1922, 1975.83);
INSERT INTO candlestick (stock_id, "date", open, high, low, close) VALUES ('AMZN', '2020-03-05', 1933, 1960.72, 1910, 1924.03);
INSERT INTO candlestick (stock_id, "date", open, high, low, close) VALUES ('AMZN', '2020-03-06', 1875, 1910.87, 1869.5, 1901.09);
INSERT INTO candlestick (stock_id, "date", open, high, low, close) VALUES ('AMZN', '2020-03-09', 1773.86, 1862.77, 1761.29, 1800.61);
INSERT INTO candlestick (stock_id, "date", open, high, low, close) VALUES ('AMZN', '2020-03-10', 1870.88, 1894.27, 1818.17, 1891.82);
INSERT INTO candlestick (stock_id, "date", open, high, low, close) VALUES ('AMZN', '2020-03-11', 1857.85, 1871.32, 1801.5, 1820.86);
INSERT INTO candlestick (stock_id, "date", open, high, low, close) VALUES ('AMZN', '2020-03-12', 1721.98, 1765, 1675, 1676.61);
INSERT INTO candlestick (stock_id, "date", open, high, low, close) VALUES ('AMZN', '2020-03-13', 1755, 1786.31, 1680.62, 1785);
INSERT INTO candlestick (stock_id, "date", open, high, low, close) VALUES ('AMZN', '2020-03-16', 1641.51, 1759.45, 1626.03, 1689.15);
INSERT INTO candlestick (stock_id, "date", open, high, low, close) VALUES ('AMZN', '2020-03-17', 1775.47, 1857.78, 1689.24, 1807.84);
INSERT INTO candlestick (stock_id, "date", open, high, low, close) VALUES ('AMZN', '2020-03-18', 1750, 1841.66, 1745, 1830);
INSERT INTO candlestick (stock_id, "date", open, high, low, close) VALUES ('AMZN', '2020-03-19', 1860, 1945, 1832.65, 1880.93);
INSERT INTO candlestick (stock_id, "date", open, high, low, close) VALUES ('AMZN', '2020-03-20', 1926.31, 1957, 1820.73, 1846.09);
INSERT INTO candlestick (stock_id, "date", open, high, low, close) VALUES ('AMZN', '2020-03-23', 1827.75, 1919.4, 1812, 1902.83);
INSERT INTO candlestick (stock_id, "date", open, high, low, close) VALUES ('AMZN', '2020-03-24', 1951.49, 1955, 1900.34, 1940.1);
INSERT INTO candlestick (stock_id, "date", open, high, low, close) VALUES ('AMZN', '2020-03-25', 1920.69, 1950.26, 1885.78, 1885.84);
INSERT INTO candlestick (stock_id, "date", open, high, low, close) VALUES ('AMZN', '2020-03-26', 1902, 1956.49, 1889.29, 1955.49);
INSERT INTO candlestick (stock_id, "date", open, high, low, close) VALUES ('AMZN', '2020-03-27', 1930.86, 1939.79, 1899.92, 1900.1);
INSERT INTO candlestick (stock_id, "date", open, high, low, close) VALUES ('AMZN', '2020-03-30', 1922.83, 1973.63, 1912.34, 1963.95);
INSERT INTO candlestick (stock_id, "date", open, high, low, close) VALUES ('AMZN', '2020-03-31', 1964.35, 1993.02, 1944.01, 1949.72);
INSERT INTO candlestick (stock_id, "date", open, high, low, close) VALUES ('AMZN', '2020-04-01', 1932.97, 1944.96, 1893, 1907.7);
INSERT INTO candlestick (stock_id, "date", open, high, low, close) VALUES ('AMZN', '2020-04-02', 1901.64, 1927.53, 1890, 1918.83);
INSERT INTO candlestick (stock_id, "date", open, high, low, close) VALUES ('AMZN', '2020-04-03', 1911.15, 1926.33, 1889.15, 1906.59);
INSERT INTO candlestick (stock_id, "date", open, high, low, close) VALUES ('AMZN', '2020-04-06', 1936, 1998.52, 1930.02, 1997.59);
INSERT INTO candlestick (stock_id, "date", open, high, low, close) VALUES ('AMZN', '2020-04-07', 2017.11, 2035.72, 1997.62, 2011.6);
INSERT INTO candlestick (stock_id, "date", open, high, low, close) VALUES ('AMZN', '2020-04-08', 2021, 2044, 2011.15, 2043);
INSERT INTO candlestick (stock_id, "date", open, high, low, close) VALUES ('AMZN', '2020-04-09', 2044.3, 2053, 2017.66, 2042.76);
INSERT INTO candlestick (stock_id, "date", open, high, low, close) VALUES ('AMZN', '2020-04-13', 2040, 2180, 2038, 2168.87);
INSERT INTO candlestick (stock_id, "date", open, high, low, close) VALUES ('AMZN', '2020-04-14', 2200.47, 2292, 2186.21, 2283.32);
INSERT INTO candlestick (stock_id, "date", open, high, low, close) VALUES ('AMZN', '2020-04-15', 2257.68, 2333.37, 2245, 2307.68);
INSERT INTO candlestick (stock_id, "date", open, high, low, close) VALUES ('AMZN', '2020-04-16', 2346, 2461.0, 2335, 2408.19);
INSERT INTO candlestick (stock_id, "date", open, high, low, close) VALUES ('AMZN', '2020-04-17', 2372.33, 2400, 2316.02, 2375);
INSERT INTO candlestick (stock_id, "date", open, high, low, close) VALUES ('AMZN', '2020-04-20', 2389.95, 2444.98, 2386.05, 2393.61);
INSERT INTO candlestick (stock_id, "date", open, high, low, close) VALUES ('AMZN', '2020-04-21', 2416.61, 2428.31, 2279.66, 2328.12);
INSERT INTO candlestick (stock_id, "date", open, high, low, close) VALUES ('AMZN', '2020-04-22', 2369, 2394, 2351, 2363.49);
INSERT INTO candlestick (stock_id, "date", open, high, low, close) VALUES ('AMZN', '2020-04-23', 2399.98, 2424.22, 2382.08, 2399.45);
INSERT INTO candlestick (stock_id, "date", open, high, low, close) VALUES ('AMZN', '2020-04-24', 2417, 2420.43, 2382, 2410.22);
INSERT INTO candlestick (stock_id, "date", open, high, low, close) VALUES ('AMZN', '2020-04-27', 2443.2, 2444.88, 2363, 2376);
INSERT INTO candlestick (stock_id, "date", open, high, low, close) VALUES ('AMZN', '2020-04-28', 2372.1, 2373.5, 2306, 2314.08);
INSERT INTO candlestick (stock_id, "date", open, high, low, close) VALUES ('AMZN', '2020-04-29', 2330.01, 2391.89, 2310, 2372.71);
INSERT INTO candlestick (stock_id, "date", open, high, low, close) VALUES ('AMZN', '2020-04-30', 2419.84, 2475, 2396.01, 2474);
INSERT INTO candlestick (stock_id, "date", open, high, low, close) VALUES ('AMZN', '2020-05-01', 2336.8, 2362.44, 2258.19, 2286.04);
INSERT INTO candlestick (stock_id, "date", open, high, low, close) VALUES ('AMZN', '2020-05-04', 2256.38, 2326.98, 2256.38, 2315.99);
INSERT INTO candlestick (stock_id, "date", open, high, low, close) VALUES ('AMZN', '2020-05-05', 2340, 2351, 2307.13, 2317.8);
INSERT INTO candlestick (stock_id, "date", open, high, low, close) VALUES ('AMZN', '2020-05-06', 2329.44, 2357.45, 2320, 2351.26);
INSERT INTO candlestick (stock_id, "date", open, high, low, close) VALUES ('AMZN', '2020-05-07', 2374.78, 2376, 2343.11, 2367.61);
INSERT INTO candlestick (stock_id, "date", open, high, low, close) VALUES ('AMZN', '2020-05-08', 2372.14, 2387.24, 2357, 2379.61);
INSERT INTO candlestick (stock_id, "date", open, high, low, close) VALUES ('AMZN', '2020-05-11', 2374.7, 2419.66, 2372.11, 2409);
INSERT INTO candlestick (stock_id, "date", open, high, low, close) VALUES ('AMZN', '2020-05-12', 2411.85, 2419.0, 2355, 2356.95);
INSERT INTO candlestick (stock_id, "date", open, high, low, close) VALUES ('AMZN', '2020-05-13', 2366.8, 2407.7, 2337.8, 2367.92);
INSERT INTO candlestick (stock_id, "date", open, high, low, close) VALUES ('AMZN', '2020-05-14', 2361.01, 2391.37, 2353.21, 2388.85);
INSERT INTO candlestick (stock_id, "date", open, high, low, close) VALUES ('AMZN', '2020-05-15', 2368.52, 2411, 2356.37, 2409.78);
INSERT INTO candlestick (stock_id, "date", open, high, low, close) VALUES ('AMZN', '2020-05-18', 2404.35, 2433, 2384.01, 2426.26);
INSERT INTO candlestick (stock_id, "date", open, high, low, close) VALUES ('AMZN', '2020-05-19', 2429.83, 2484.99, 2428.97, 2449.33);
INSERT INTO candlestick (stock_id, "date", open, high, low, close) VALUES ('AMZN', '2020-05-20', 2477.87, 2500.01, 2467.27, 2497.94);
INSERT INTO candlestick (stock_id, "date", open, high, low, close) VALUES ('AMZN', '2020-05-21', 2500, 2525.45, 2442.54, 2446.74);
INSERT INTO candlestick (stock_id, "date", open, high, low, close) VALUES ('AMZN', '2020-05-22', 2455.01, 2469.85, 2430.13, 2436.88);
INSERT INTO candlestick (stock_id, "date", open, high, low, close) VALUES ('AMZN', '2020-05-26', 2458, 2462, 2414.06, 2421.86);
INSERT INTO candlestick (stock_id, "date", open, high, low, close) VALUES ('AMZN', '2020-05-27', 2404.99, 2413.58, 2330, 2410.39);
INSERT INTO candlestick (stock_id, "date", open, high, low, close) VALUES ('AMZN', '2020-05-28', 2384.33, 2436.97, 2378.23, 2401.1);
INSERT INTO candlestick (stock_id, "date", open, high, low, close) VALUES ('AMZN', '2020-05-29', 2415.94, 2442.37, 2398.2, 2442.37);
INSERT INTO candlestick (stock_id, "date", open, high, low, close) VALUES ('AMZN', '2020-06-01', 2448, 2476.93, 2444.17, 2471.04);
INSERT INTO candlestick (stock_id, "date", open, high, low, close) VALUES ('AMZN', '2020-06-02', 2467, 2473.53, 2445.31, 2472.41);
INSERT INTO candlestick (stock_id, "date", open, high, low, close) VALUES ('AMZN', '2020-06-03', 2468.01, 2488, 2461.17, 2478.4);
INSERT INTO candlestick (stock_id, "date", open, high, low, close) VALUES ('AMZN', '2020-06-04', 2477.43, 2507.54, 2450.01, 2460.6);
INSERT INTO candlestick (stock_id, "date", open, high, low, close) VALUES ('AMZN', '2020-06-05', 2444.51, 2488.64, 2437.13, 2483);
INSERT INTO candlestick (stock_id, "date", open, high, low, close) VALUES ('AMZN', '2020-06-08', 2500.2, 2530, 2487.34, 2524.06);
INSERT INTO candlestick (stock_id, "date", open, high, low, close) VALUES ('AMZN', '2020-06-09', 2529.44, 2626.43, 2525, 2600.86);
INSERT INTO candlestick (stock_id, "date", open, high, low, close) VALUES ('AMZN', '2020-06-10', 2645, 2722.35, 2626.26, 2647.45);
INSERT INTO candlestick (stock_id, "date", open, high, low, close) VALUES ('AMZN', '2020-06-11', 2603.5, 2671.38, 2536.23, 2557.96);
INSERT INTO candlestick (stock_id, "date", open, high, low, close) VALUES ('AMZN', '2020-06-12', 2601.21, 2621.48, 2503.35, 2545.02);
INSERT INTO candlestick (stock_id, "date", open, high, low, close) VALUES ('AMZN', '2020-06-15', 2526.6, 2584, 2508.0, 2572.68);
INSERT INTO candlestick (stock_id, "date", open, high, low, close) VALUES ('AMZN', '2020-06-16', 2620, 2620, 2576, 2615.27);
INSERT INTO candlestick (stock_id, "date", open, high, low, close) VALUES ('AMZN', '2020-06-17', 2647.5, 2655, 2631.82, 2640.98);
INSERT INTO candlestick (stock_id, "date", open, high, low, close) VALUES ('AMZN', '2020-06-18', 2647.01, 2659.64, 2636.11, 2653.98);
INSERT INTO candlestick (stock_id, "date", open, high, low, close) VALUES ('AMZN', '2020-06-19', 2678.08, 2697.43, 2659, 2675.01);
INSERT INTO candlestick (stock_id, "date", open, high, low, close) VALUES ('AMZN', '2020-06-22', 2684.5, 2715, 2669, 2713.82);
INSERT INTO candlestick (stock_id, "date", open, high, low, close) VALUES ('AMZN', '2020-06-23', 2726.02, 2783.11, 2718.04, 2764.41);
INSERT INTO candlestick (stock_id, "date", open, high, low, close) VALUES ('AMZN', '2020-06-24', 2780, 2796, 2721, 2734.4);
INSERT INTO candlestick (stock_id, "date", open, high, low, close) VALUES ('AMZN', '2020-06-25', 2739.55, 2756.23, 2712.14, 2754.58);
INSERT INTO candlestick (stock_id, "date", open, high, low, close) VALUES ('AMZN', '2020-06-26', 2775.06, 2782.57, 2688, 2692.87);
INSERT INTO candlestick (stock_id, "date", open, high, low, close) VALUES ('AMZN', '2020-06-29', 2690.01, 2696.8, 2630.08, 2680.38);
INSERT INTO candlestick (stock_id, "date", open, high, low, close) VALUES ('AMZN', '2020-06-30', 2685.07, 2769.63, 2675.03, 2758.82);
INSERT INTO candlestick (stock_id, "date", open, high, low, close) VALUES ('AMZN', '2020-07-01', 2757.99, 2895, 2754, 2878.7);
INSERT INTO candlestick (stock_id, "date", open, high, low, close) VALUES ('AMZN', '2020-07-02', 2912.01, 2955.56, 2871.1, 2890.3);
INSERT INTO candlestick (stock_id, "date", open, high, low, close) VALUES ('AMZN', '2020-07-06', 2934.97, 3059.88, 2930, 3057.04);
